id;login;passwordHash
1;jmichel;4bac65e01ba78ab8ce48b2f70d0ab9624606409f6cac9e85d13ce90dd1742f78
2;lskywalker;0a4a7e871ee058731ac17a9940cf2183346d120e16ba88a4333913696a04a45b
3;jperralta;0a4a7e871ee058731ac17a9940cf2183346d120e16ba88a4333913696a04a45b
4;rholt;0a4a7e871ee058731ac17a9940cf2183346d120e16ba88a4333913696a04a45b
5;asantiago;0a4a7e871ee058731ac17a9940cf2183346d120e16ba88a4333913696a04a45b
6;cboyle;0a4a7e871ee058731ac17a9940cf2183346d120e16ba88a4333913696a04a45b
7;rdiaz;559aead08264d5795d3909718cdd05abd49572e84fe55590eef31a88a08fdffd
8;qzavagno;f4f263e439cf40925e6a412387a9472a6773c2580212a4fb50d224d3a817de17
9;rsanz;0a4a7e871ee058731ac17a9940cf2183346d120e16ba88a4333913696a04a45b
10;emarre;0a4a7e871ee058731ac17a9940cf2183346d120e16ba88a4333913696a04a45b
11;amaurin;26429a356b1d25b7d57c0f9a6d5fed8a290cb42374185887dcd2874548df0779
12;tvelati;0a4a7e871ee058731ac17a9940cf2183346d120e16ba88a4333913696a04a45b
13;lnugier;0a4a7e871ee058731ac17a9940cf2183346d120e16ba88a4333913696a04a45b
14;amey;0a4a7e871ee058731ac17a9940cf2183346d120e16ba88a4333913696a04a45b
